Objeto,Ángulo de Máxima Desviación (segundos de arco),Angulo de Máxima Desviación (grados),Ángulo de Máxima Desviación (rad),Radio (km),Masa (kg),Omega (rad/s)
Sol,2.1536,0.0005982258503217112,1.044101075865664e-05,696340.0,1.989e+30,2.8653290845717256e-06
Júpiter,9271.8992,2.5755275419484653,0.044951435582797086,69911.0,1.898e+27,0.00018256582133831898
Tierra,353.8545,0.09829290735719468,0.0017155348647408051,6371.0,5.972e+24,7.27220521664304e-05
Marte,473.232,0.1314533346754848,0.0022942935028132413,3389.5,6.39e+23,7.089070885435944e-05
Luna,0.7817,0.0002171290116604158,3.7896161550754164e-06,1737.1,7.342e+22,2.6618613530904243e-06
Estrella de neutrones,14706.0112,4.085003107989493,0.07129675418861814,12.0,2.8e+30,3926.990816987241
